{
		"data": [
			{
				"TILE_CODE": "1",
    			"TILE_EVENT_TYPE": "99",
    			"TILE_EVENT_VALUE": "0",
    						"TILE_NAME": "출발점"
  			},
  			{
    			"TILE_CODE": "2",
    			"TILE_EVENT_TYPE": "0",
    			"TILE_EVENT_VALUE": "0",
    			"TILE_NAME": ""
  			},
  			{
    			"TILE_CODE": "3",
    			"TILE_EVENT_TYPE": "1",
    			"TILE_EVENT_VALUE": "29",
    			"TILE_NAME": "떡볶이 먹기"
  			},
  			{
    			"TILE_CODE": "4",
    			"TILE_EVENT_TYPE": "0",
    			"TILE_EVENT_VALUE": "0",
    			"TILE_NAME": ""
  			},
  			{
    			"TILE_CODE": "5",
    			"TILE_EVENT_TYPE": "0",
    			"TILE_EVENT_VALUE": "0",
    			"TILE_NAME": ""
  			},
  			{
    			"TILE_CODE": "6",
    			"TILE_EVENT_TYPE": "0",
    			"TILE_EVENT_VALUE": "0",
    			"TILE_NAME": ""
  			},
  			{
    			"TILE_CODE": "7",
    			"TILE_EVENT_TYPE": "0",
    			"TILE_EVENT_VALUE": "0",
    			"TILE_NAME": ""
  			},
  			{
    			"TILE_CODE": "8",
    			"TILE_EVENT_TYPE": "1",
    			"TILE_EVENT_VALUE": "37",
    			"TILE_NAME": "마라탕 먹기"
  			},
  			{
    			"TILE_CODE": "9",
    			"TILE_EVENT_TYPE": "1",
    			"TILE_EVENT_VALUE": "14",
    			"TILE_NAME": "한우 먹기"
  			},
  			{
    			"TILE_CODE": "10",
    			"TILE_EVENT_TYPE": "1",
    			"TILE_EVENT_VALUE": "26",
    			"TILE_NAME": "삼겹살 먹기"
  			},
  			{
    			"TILE_CODE": "11",
    			"TILE_EVENT_TYPE": "1",
    			"TILE_EVENT_VALUE": "21",
    			"TILE_NAME": "마카롱 먹기"
  			},
  			{
    			"TILE_CODE": "12",
    			"TILE_EVENT_TYPE": "2",
    			"TILE_EVENT_VALUE": "5",
    			"TILE_NAME": "스쿼트 5회"
  			},
  			{
    			"TILE_CODE": "13",
    			"TILE_EVENT_TYPE": "3",
    			"TILE_EVENT_VALUE": "0",
    			"TILE_NAME": ""
  			},
  			{
    			"TILE_CODE": "14",
    			"TILE_EVENT_TYPE": "3",
    			"TILE_EVENT_VALUE": "0",
    			"TILE_NAME": ""
  			},
  			{
    			"TILE_CODE": "15",
    			"TILE_EVENT_TYPE": "2",
    			"TILE_EVENT_VALUE": "4",
    			"TILE_NAME": "팔굽혀펴기 10회"
  			},
  			{
    			"TILE_CODE": "16",
    			"TILE_EVENT_TYPE": "2",
    			"TILE_EVENT_VALUE": "11",
    			"TILE_NAME": "플랭크 1분"
  			},
  			{
    			"TILE_CODE": "17",
    			"TILE_EVENT_TYPE": "1",
    			"TILE_EVENT_VALUE": "40",
    			"TILE_NAME": "양념게장 먹기"
  			},
  			{
    			"TILE_CODE": "18",
    			"TILE_EVENT_TYPE": "1",
    			"TILE_EVENT_VALUE": "38",
    			"TILE_NAME": "간장게장 먹기"
  			},
  			{
    			"TILE_CODE": "19",
    			"TILE_EVENT_TYPE": "3",
    			"TILE_EVENT_VALUE": "0",
    			"TILE_NAME": ""
  			},
  			{
    			"TILE_CODE": "20",
    			"TILE_EVENT_TYPE": "2",
    			"TILE_EVENT_VALUE": "6",
    			"TILE_NAME": "분리수거 하기"
  			},
  			{
    			"TILE_CODE": "21",
    			"TILE_EVENT_TYPE": "3",
    			"TILE_EVENT_VALUE": "0",
    			"TILE_NAME": ""
  			},
  			{
    			"TILE_CODE": "22",
    			"TILE_EVENT_TYPE": "1",
    			"TILE_EVENT_VALUE": "41",
    			"TILE_NAME": "페퍼로니피자 먹기"
  			},
  			{
    			"TILE_CODE": "23",
    			"TILE_EVENT_TYPE": "1",
    			"TILE_EVENT_VALUE": "41",
    			"TILE_NAME": "뿌링클 먹기"
  			},
  			{
    			"TILE_CODE": "24",
    			"TILE_EVENT_TYPE": "1",
    			"TILE_EVENT_VALUE": "36",
    			"TILE_NAME": "싸이버거 먹기"
  			},
  			{
    			"TILE_CODE": "25",
    			"TILE_EVENT_TYPE": "2",
    			"TILE_EVENT_VALUE": "2",
    			"TILE_NAME": "윗몸일으키기 10회"
  			},
  			{
    			"TILE_CODE": "26",
    			"TILE_EVENT_TYPE": "1",
    			"TILE_EVENT_VALUE": "40",
    			"TILE_NAME": "사이다 마시기"
  			},
  			{
    			"TILE_CODE": "27",
    			"TILE_EVENT_TYPE": "2",
    			"TILE_EVENT_VALUE": "25",
    			"TILE_NAME": "달리기 100m"
  			},
  			{
    			"TILE_CODE": "28",
    			"TILE_EVENT_TYPE": "3",
    			"TILE_EVENT_VALUE": "0",
    			"TILE_NAME": ""
  			},
  			{
    			"TILE_CODE": "29",
    			"TILE_EVENT_TYPE": "0",
    			"TILE_EVENT_VALUE": "0",
    			"TILE_NAME": ""
  			},
  			{
    			"TILE_CODE": "30",
    			"TILE_EVENT_TYPE": "1",
    			"TILE_EVENT_VALUE": "32",
    			"TILE_NAME": "후라이드치킨 먹기"
  			},
  			{
    			"TILE_CODE": "31",
    			"TILE_EVENT_TYPE": "3",
    			"TILE_EVENT_VALUE": "0",
    			"TILE_NAME": ""
  			},
  			{
    			"TILE_CODE": "32",
    			"TILE_EVENT_TYPE": "0",
    			"TILE_EVENT_VALUE": "0",
    			"TILE_NAME": ""
  			},
  			{
    			"TILE_CODE": "33",
    			"TILE_EVENT_TYPE": "0",
    			"TILE_EVENT_VALUE": "0",
    			"TILE_NAME": ""
  			},
  			{
    			"TILE_CODE": "34",
    			"TILE_EVENT_TYPE": "1",
    			"TILE_EVENT_VALUE": "37",
    			"TILE_NAME": "양념치킨 먹기"
  			},
  			{
    			"TILE_CODE": "35",
    			"TILE_EVENT_TYPE": "1",
    			"TILE_EVENT_VALUE": "39",
    			"TILE_NAME": "콜라 마시기"
  			},
  			{
    			"TILE_CODE": "36",
    			"TILE_EVENT_TYPE": "1",
    			"TILE_EVENT_VALUE": "40",
    			"TILE_NAME": "몬스터 마시기"
  			},
  			{
    			"TILE_CODE": "37",
    			"TILE_EVENT_TYPE": "1",
    			"TILE_EVENT_VALUE": "38",
    			"TILE_NAME": "밥 먹기"
  			},
  			{
    			"TILE_CODE": "38",
    			"TILE_EVENT_TYPE": "3",
    			"TILE_EVENT_VALUE": "0",
    			"TILE_NAME": ""
  			},
  			{
    			"TILE_CODE": "39",
    			"TILE_EVENT_TYPE": "1",
    			"TILE_EVENT_VALUE": "40",
    			"TILE_NAME": "라면 먹기"
  			},
  			{
    			"TILE_CODE": "40",
    			"TILE_EVENT_TYPE": "2",
    			"TILE_EVENT_VALUE": "23",
    			"TILE_NAME": "스트레칭 하기"
  			},
  			{
    			"TILE_CODE": "41",
    			"TILE_EVENT_TYPE": "2",
    			"TILE_EVENT_VALUE": "24",
    			"TILE_NAME": "팔벌려뛰기 10회"
  			},
  			{
    			"TILE_CODE": "42",
    			"TILE_EVENT_TYPE": "0",
    			"TILE_EVENT_VALUE": "0",
    			"TILE_NAME": ""
  			},
  			{
    			"TILE_CODE": "43",
    			"TILE_EVENT_TYPE": "0",
    			"TILE_EVENT_VALUE": "0",
    			"TILE_NAME": ""
  			},
  			{
    			"TILE_CODE": "44",
    			"TILE_EVENT_TYPE": "2",
    			"TILE_EVENT_VALUE": "3",
    			"TILE_NAME": "아령 들기 10회"
  			},
  			{
    			"TILE_CODE": "45",
    			"TILE_EVENT_TYPE": "0",
    			"TILE_EVENT_VALUE": "0",
    			"TILE_NAME": ""
  			},
  			{
    			"TILE_CODE": "46",
    			"TILE_EVENT_TYPE": "2",
    			"TILE_EVENT_VALUE": "31",
    			"TILE_NAME": "설거지 하기"
  			},
  			{
    			"TILE_CODE": "47",
    			"TILE_EVENT_TYPE": "2",
    			"TILE_EVENT_VALUE": "10",
    			"TILE_NAME": "방청소 하기"
  			},
  			{
    			"TILE_CODE": "48",
    			"TILE_EVENT_TYPE": "0",
    			"TILE_EVENT_VALUE": "0",
    			"TILE_NAME": ""
  			},
  			{
    			"TILE_CODE": "49",
    			"TILE_EVENT_TYPE": "0",
    			"TILE_EVENT_VALUE": "0",
    			"TILE_NAME": ""
  			},
  			{
    			"TILE_CODE": "50",
    			"TILE_EVENT_TYPE": "100",
    			"TILE_EVENT_VALUE": "0",
    			"TILE_NAME": "도착점"
  }
]
}